{
  "generated": "2026-07-10T21:29:53.008685+00:00",
  "threshold": 0.0011210612719878554,
  "n_input": 10000,
  "n_threshold_pass": 99,
  "n_kept": 87,
  "n_rate_dropped": 12,
  "achieved_keep_rate": 0.0087,
  "reduction_factor": 114.94252873563218,
  "budget_fraction": 0.01,
  "window_s": 1.0,
  "n_windows": 20,
  "per_window_accepts": {
    "mean": 4.35,
    "max": 6,
    "counts": [
      6,
      4,
      5,
      1,
      5,
      3,
      6,
      2,
      4,
      4,
      6,
      2,
      5,
      6,
      4,
      4,
      5,
      6,
      4,
      5
    ]
  },
  "per_window_inputs": [
    530,
    502,
    502,
    500,
    500,
    501,
    502,
    502,
    501,
    502,
    503,
    501,
    499,
    501,
    491,
    501,
    502,
    501,
    501,
    458
  ]
}