{
  "generated": "2026-07-10T21:22:53.987641+00:00",
  "sample": "5000 background events, batch 1, CPU",
  "tolerance": 1e-05,
  "sofie": "skipped: binary not built (see services/inference_sofie/README.md)",
  "backends": {
    "pytorch": {
      "n_events": 5000,
      "latency_us_per_event": {
        "mean": 31.989508999999998,
        "p50": 27.098,
        "p95": 51.02805,
        "p99": 91.22218000000011,
        "max": 994.859
      },
      "throughput_events_per_sec": 31260.24847708666,
      "max_abs_score_diff_vs_pytorch": 0.0,
      "parity_pass": true
    },
    "ort": {
      "n_events": 5000,
      "latency_us_per_event": {
        "mean": 7.411158600000001,
        "p50": 7.0875,
        "p95": 8.149950000000002,
        "p99": 15.640480000000032,
        "max": 127.856
      },
      "throughput_events_per_sec": 134931.66911851,
      "max_abs_score_diff_vs_pytorch": 1.926743891544902e-06,
      "parity_pass": true
    }
  }
}