{
  "stream": "physics_ort",
  "n_messages": 10000,
  "n_kept": 249,
  "keep_rate": 0.0249,
  "throughput_msgs_per_sec": 468.205820997393,
  "latency_ms": {
    "mean": 5.723049070499999,
    "p50": 5.366035999999999,
    "p95": 7.785436099999998,
    "p99": 8.55738542,
    "max": 761.595357
  },
  "backend": "ort",
  "threshold": 0.0011210612719878554,
  "active_model_dir": "/mnt/e/AI_Projects/PHAROS/models/physics_vae",
  "n_hot_swaps": 0,
  "output_topic": "events.physics.scored",
  "forward_all": true
}